"refsnp_id","consequence_type_tv","allele","allele_1","mutation_type"
"rs540874","missense_variant","A/C/G","G","Missense Variant"
"rs618838","missense_variant","T/C","C","Missense Variant"
"rs1126675","missense_variant","G/A","G","Missense Variant"
"rs1671064","missense_variant","G/A","A","Missense Variant"
"rs2229456","missense_variant","A/C/T","A","Missense Variant"
"rs114618009","missense_variant","G/A","G","Missense Variant"
"rs187702310","missense_variant","C/T","C","Missense Variant"
"rs111569964","missense_variant","G/A","G","Missense Variant"
"rs115296201","missense_variant","A/C/T","A","Missense Variant"
"rs188208827","missense_variant","C/T","C","Missense Variant"
"rs549338699","missense_variant","G/C","G","Missense Variant"
"rs146294881","missense_variant","C/G/T","C","Missense Variant"
"rs540771729","missense_variant","G/A/C","G","Missense Variant"
"rs191891560","missense_variant","G/A/T","G","Missense Variant"
"rs192533489","missense_variant","G/A","G","Missense Variant"
"rs192669291","missense_variant","C/T","C","Missense Variant"
"rs193169026","missense_variant","G/T","G","Missense Variant"
"rs199599736","missense_variant","G/A/C","G","Missense Variant"
"rs199741304","missense_variant","G/A/T","G","Missense Variant"
"rs199897168","missense_variant","C/G/T","C","Missense Variant"
"rs528641441","missense_variant","A/G","A","Missense Variant"
"rs528786989","missense_variant","C/T","C","Missense Variant"
"rs144238180","missense_variant","G/A","G","Missense Variant"
"rs144340728","missense_variant","C/T","C","Missense Variant"
"rs535878047","missense_variant","G/A/C","G","Missense Variant"
"rs538173919","missense_variant","G/A/C","G","Missense Variant"
"rs538261747","missense_variant","C/G","C","Missense Variant"
"rs539782432","missense_variant","G/C","G","Missense Variant"
"rs537021714","missense_variant","C/A/G/T","C","Missense Variant"
"rs550530030","missense_variant","A/G","A","Missense Variant"
"rs551047804","missense_variant","G/C","G","Missense Variant"
"rs551188851","missense_variant","G/A/C","G","Missense Variant"
"rs71457727","missense_variant","C/T","C","Missense Variant"
"rs71457732","missense_variant","C/A/T","C","Missense Variant"
"rs149868156","missense_variant","G/C","G","Missense Variant"
"rs377029613","missense_variant","C/A/T","C","Missense Variant"
"rs377076795","missense_variant","C/A/T","C","Missense Variant"
"rs377124055","missense_variant","T/C","T","Missense Variant"
"rs377211880","missense_variant","G/A","G","Missense Variant"
"rs377252716","missense_variant","A/G","A","Missense Variant"
"rs377498768","missense_variant","A/C","A","Missense Variant"
"rs377612653","missense_variant","G/A","G","Missense Variant"
"rs377760740","missense_variant","T/C","T","Missense Variant"
"rs386754438","missense_variant","GA/TT","GA","Missense Variant"
"rs572962479","missense_variant","G/A","G","Missense Variant"
"rs563563593","missense_variant","G/A","G","Missense Variant"
"rs138699570","missense_variant","C/A/T","C","Missense Variant"
"rs139548317","missense_variant","G/A","G","Missense Variant"
"rs367692010","missense_variant","G/A","G","Missense Variant"
"rs367706008","missense_variant","G/C/T","G","Missense Variant"
"rs367715133","missense_variant","G/A","G","Missense Variant"
"rs368086463","missense_variant","G/A/T","G","Missense Variant"
"rs368116977","missense_variant","C/A/T","C","Missense Variant"
"rs368214398","missense_variant","G/A/C","G","Missense Variant"
"rs368334575","missense_variant","A/G","A","Missense Variant"
"rs368433069","missense_variant","C/T","C","Missense Variant"
"rs368454306","missense_variant","C/T","C","Missense Variant"
"rs368474114","missense_variant","G/A/C","G","Missense Variant"
"rs369005221","missense_variant","G/A/T","G","Missense Variant"
"rs369473048","missense_variant","C/T","C","Missense Variant"
"rs369615114","missense_variant","G/A/C","G","Missense Variant"
"rs369792497","missense_variant","A/T","A","Missense Variant"
"rs369800588","missense_variant","C/A/T","C","Missense Variant"
"rs369814936","missense_variant","G/A","G","Missense Variant"
"rs369826688","missense_variant","A/T","A","Missense Variant"
"rs369932492","missense_variant","G/A/T","G","Missense Variant"
"rs369975190","missense_variant","C/A/T","C","Missense Variant"
"rs370147618","missense_variant","T/C/G","T","Missense Variant"
"rs370343189","missense_variant","T/A/C","T","Missense Variant"
"rs370463721","missense_variant","C/T","C","Missense Variant"
"rs370591007","missense_variant","A/C/T","A","Missense Variant"
"rs370614471","missense_variant","T/C","T","Missense Variant"
"rs370647530","missense_variant","C/A/G/T","C","Missense Variant"
"rs370740496","missense_variant","C/G/T","C","Missense Variant"
"rs370933594","missense_variant","T/C","T","Missense Variant"
"rs370953791","missense_variant","G/A/C/T","G","Missense Variant"
"rs371081325","missense_variant","C/T","C","Missense Variant"
"rs371294094","missense_variant","C/G","C","Missense Variant"
"rs371342586","missense_variant","C/T","C","Missense Variant"
"rs371569219","missense_variant","C/A","C","Missense Variant"
"rs371613741","missense_variant","C/T","C","Missense Variant"
"rs371756314","missense_variant","G/A","G","Missense Variant"
"rs371778972","missense_variant","A/C","A","Missense Variant"
"rs371839154","missense_variant","G/A","G","Missense Variant"
"rs372101780","missense_variant","C/A/T","C","Missense Variant"
"rs372129294","missense_variant","C/T","C","Missense Variant"
"rs372171270","missense_variant","G/A","G","Missense Variant"
"rs34515982","missense_variant","G/A/C","G","Missense Variant"
"rs563602101","missense_variant","G/A","G","Missense Variant"
"rs564580183","missense_variant","A/C/T","A","Missense Variant"
"rs374716398","missense_variant","C/T","C","Missense Variant"
"rs374770413","missense_variant","G/T","G","Missense Variant"
"rs375241946","missense_variant","C/T","C","Missense Variant"
"rs375257311","missense_variant","G/A/C/T","G","Missense Variant"
"rs375293272","missense_variant","G/A/C/T","G","Missense Variant"
"rs375363893","missense_variant","T/A/C","T","Missense Variant"
"rs375580657","missense_variant","A/G","A","Missense Variant"
"rs375737030","missense_variant","G/A","G","Missense Variant"
"rs375781686","missense_variant","C/A/G/T","C","Missense Variant"
"rs375901785","missense_variant","G/A","G","Missense Variant"
"rs375953442","missense_variant","C/G/T","C","Missense Variant"
"rs376028578","missense_variant","A/G","A","Missense Variant"
"rs376065059","missense_variant","A/G","A","Missense Variant"
"rs376094609","missense_variant","C/T","C","Missense Variant"
"rs376592844","missense_variant","C/G/T","C","Missense Variant"
"rs376771744","missense_variant","G/A/C/T","G","Missense Variant"
"rs372586045","missense_variant","C/G/T","C","Missense Variant"
"rs372753126","missense_variant","G/A","G","Missense Variant"
"rs372825946","missense_variant","C/T","C","Missense Variant"
"rs372843748","missense_variant","G/A","G","Missense Variant"
"rs372926742","missense_variant","A/G","A","Missense Variant"
"rs373370220","missense_variant","T/A","T","Missense Variant"
"rs373402473","missense_variant","A/C","A","Missense Variant"
"rs373409167","missense_variant","G/A","G","Missense Variant"
"rs374176001","missense_variant","T/C","T","Missense Variant"
"rs374262572","missense_variant","G/A","G","Missense Variant"
"rs374445358","missense_variant","G/A","G","Missense Variant"
"rs374545131","missense_variant","C/T","C","Missense Variant"
"rs374547195","missense_variant","A/G/T","A","Missense Variant"
"rs374550441","missense_variant","G/A/C","G","Missense Variant"
"rs200244682","missense_variant","T/C","T","Missense Variant"
"rs200315462","missense_variant","C/A/T","C","Missense Variant"
"rs200377702","missense_variant","T/A","T","Missense Variant"
"rs200416232","missense_variant","C/T","C","Missense Variant"
"rs200452235","missense_variant","G/A/T","G","Missense Variant"
"rs200463643","missense_variant","C/G/T","C","Missense Variant"
"rs200574979","missense_variant","C/T","C","Missense Variant"
"rs200842599","missense_variant","C/A/T","C","Missense Variant"
"rs200846952","missense_variant","A/G","A","Missense Variant"
"rs201200629","missense_variant","C/A/G","C","Missense Variant"
"rs201302484","missense_variant","A/T","A","Missense Variant"
"rs201487054","missense_variant","G/A/C","G","Missense Variant"
"rs201536131","missense_variant","C/T","C","Missense Variant"
"rs201576110","missense_variant","C/T","C","Missense Variant"
"rs201617889","missense_variant","G/A","G","Missense Variant"
"rs201682133","missense_variant","A/G","A","Missense Variant"
"rs201812719","missense_variant","G/A/T","G","Missense Variant"
"rs201937354","missense_variant","G/C","G","Missense Variant"
"rs202165715","missense_variant","G/A/T","G","Missense Variant"
"rs555878172","missense_variant","G/A","G","Missense Variant"
"rs555990769","missense_variant","C/A","C","Missense Variant"
"rs556150704","missense_variant","G/C/T","G","Missense Variant"
"rs556278635","missense_variant","A/T","A","Missense Variant"
"rs557418428","missense_variant","G/A","G","Missense Variant"
"rs557548998","missense_variant","G/A","G","Missense Variant"
"rs542222053","missense_variant","G/A","G","Missense Variant"
"rs543456238","missense_variant","T/G","T","Missense Variant"
"rs543883614","missense_variant","G/C/T","G","Missense Variant"
"rs569706018","missense_variant","C/G/T","C","Missense Variant"
"rs577663573","missense_variant","A/G","A","Missense Variant"
"rs587683188","missense_variant","G/A","G","Missense Variant"
"rs745576296","missense_variant","A/G","A","Missense Variant"
"rs745590457","missense_variant","T/C","T","Missense Variant"
"rs745604299","missense_variant","C/G/T","C","Missense Variant"
"rs745825189","missense_variant","G/A/C","G","Missense Variant"
"rs746136942","missense_variant","A/G","A","Missense Variant"
"rs746180482","missense_variant","G/A/T","G","Missense Variant"
"rs746190000","missense_variant","A/C","A","Missense Variant"
"rs532326834","missense_variant","G/A","G","Missense Variant"
"rs533712814","missense_variant","G/A","G","Missense Variant"
"rs565643850","missense_variant","G/A","G","Missense Variant"
"rs566281518","missense_variant","G/A","G","Missense Variant"
"rs554465054","missense_variant","G/C","G","Missense Variant"
"rs574539717","missense_variant","C/T","C","Missense Variant"
"rs574813729","missense_variant","G/A","G","Missense Variant"
"rs574848604","missense_variant","G/A","G","Missense Variant"
"rs567923786","missense_variant","C/T","C","Missense Variant"
"rs569022261","missense_variant","A/C","A","Missense Variant"
"rs746360442","missense_variant","C/G","C","Missense Variant"
"rs746456021","missense_variant","A/G","A","Missense Variant"
"rs746507012","missense_variant","C/G/T","C","Missense Variant"
"rs747126112","missense_variant","T/C/G","T","Missense Variant"
"rs747282897","missense_variant","G/A","G","Missense Variant"
"rs747298153","missense_variant","G/A/C","G","Missense Variant"
"rs747560527","missense_variant","A/G","A","Missense Variant"
"rs747575601","missense_variant","A/G/T","A","Missense Variant"
"rs747618047","missense_variant","A/C","A","Missense Variant"
"rs747680597","missense_variant","A/T","A","Missense Variant"
"rs747848891","missense_variant","C/G","C","Missense Variant"
"rs747900211","missense_variant","C/A/G","C","Missense Variant"
"rs748223048","missense_variant","G/A/C","G","Missense Variant"
"rs748276099","missense_variant","G/A","G","Missense Variant"
"rs750705073","missense_variant","C/T","C","Missense Variant"
"rs750713688","missense_variant","G/C","G","Missense Variant"
"rs750992462","missense_variant","G/A","G","Missense Variant"
"rs751488881","missense_variant","G/A","G","Missense Variant"
"rs751702499","missense_variant","G/A/C","G","Missense Variant"
"rs751842772","missense_variant","C/T","C","Missense Variant"
"rs751902903","missense_variant","G/A/T","G","Missense Variant"
"rs751921813","missense_variant","T/C","T","Missense Variant"
"rs752062387","missense_variant","A/G","A","Missense Variant"
"rs752342471","missense_variant","A/G","A","Missense Variant"
"rs184916656","missense_variant","G/A/C","G","Missense Variant"
"rs754832354","missense_variant","G/A","G","Missense Variant"
"rs754847138","missense_variant","C/T","C","Missense Variant"
"rs755154040","missense_variant","G/A","G","Missense Variant"
"rs755463676","missense_variant","G/A","G","Missense Variant"
"rs755478725","missense_variant","A/G","A","Missense Variant"
"rs755533562","missense_variant","G/A","G","Missense Variant"
"rs755801474","missense_variant","G/A","G","Missense Variant"
"rs755883156","missense_variant","A/C","A","Missense Variant"
"rs756312504","missense_variant","G/C/T","G","Missense Variant"
"rs756395726","missense_variant","G/A","G","Missense Variant"
"rs756399314","missense_variant","A/C/G/T","A","Missense Variant"
"rs756549097","missense_variant","G/A","G","Missense Variant"
"rs575834618","missense_variant","T/C","T","Missense Variant"
"rs577173358","missense_variant","G/A","G","Missense Variant"
"rs577232517","missense_variant","G/A","G","Missense Variant"
"rs577316394","missense_variant","T/G","T","Missense Variant"
"rs756597388","missense_variant","C/G","C","Missense Variant"
"rs756839439","missense_variant","G/A","G","Missense Variant"
"rs756933832","missense_variant","C/A/G/T","C","Missense Variant"
"rs757113506","missense_variant","G/A","G","Missense Variant"
"rs757226651","missense_variant","C/A","C","Missense Variant"
"rs757294826","missense_variant","G/A","G","Missense Variant"
"rs757442638","missense_variant","A/T","A","Missense Variant"
"rs757650045","missense_variant","G/A","G","Missense Variant"
"rs757856453","missense_variant","A/G","A","Missense Variant"
"rs757904238","missense_variant","A/G","A","Missense Variant"
"rs758304800","missense_variant","G/A/C","G","Missense Variant"
"rs758311604","missense_variant","C/A/G/T","C","Missense Variant"
"rs758373311","missense_variant","A/G","A","Missense Variant"
"rs758425045","missense_variant","G/C","G","Missense Variant"
"rs758580966","missense_variant","G/A/C","G","Missense Variant"
"rs758588679","missense_variant","C/T","C","Missense Variant"
"rs748414364","missense_variant","G/A","G","Missense Variant"
"rs748489193","missense_variant","A/T","A","Missense Variant"
"rs748658589","missense_variant","G/A","G","Missense Variant"
"rs748725379","missense_variant","G/A","G","Missense Variant"
"rs748740930","missense_variant","C/T","C","Missense Variant"
"rs748764474","missense_variant","G/A/T","G","Missense Variant"
"rs748922825","missense_variant","A/C/G","A","Missense Variant"
"rs749033120","missense_variant","C/A/T","C","Missense Variant"
"rs749294085","missense_variant","G/A","G","Missense Variant"
"rs749330175","missense_variant","A/C/G","A","Missense Variant"
"rs749500787","missense_variant","G/A","G","Missense Variant"
"rs749829838","missense_variant","C/A/G/T","C","Missense Variant"
"rs749953997","missense_variant","C/G","C","Missense Variant"
"rs750243492","missense_variant","G/A/T","G","Missense Variant"
"rs750281694","missense_variant","T/C","T","Missense Variant"
"rs750373831","missense_variant","G/A/C","G","Missense Variant"
"rs752502827","missense_variant","G/A/C","G","Missense Variant"
"rs752506679","missense_variant","G/A","G","Missense Variant"
"rs752752198","missense_variant","T/C","T","Missense Variant"
"rs752842315","missense_variant","A/G","A","Missense Variant"
"rs753355210","missense_variant","T/C/G","T","Missense Variant"
"rs753414412","missense_variant","C/G","C","Missense Variant"
"rs753579084","missense_variant","C/A/G/T","C","Missense Variant"
"rs753612745","missense_variant","C/A","C","Missense Variant"
"rs753634259","missense_variant","C/A","C","Missense Variant"
"rs753840756","missense_variant","C/G","C","Missense Variant"
"rs753918867","missense_variant","G/A","G","Missense Variant"
"rs753928982","missense_variant","C/G/T","C","Missense Variant"
"rs754033055","missense_variant","A/G/T","A","Missense Variant"
"rs754278158","missense_variant","G/A","G","Missense Variant"
"rs754295353","missense_variant","A/T","A","Missense Variant"
"rs754417486","missense_variant","C/A/T","C","Missense Variant"
"rs754473781","missense_variant","C/G","C","Missense Variant"
"rs759021190","missense_variant","T/C","T","Missense Variant"
"rs759047603","missense_variant","G/A","G","Missense Variant"
"rs759059596","missense_variant","C/A/T","C","Missense Variant"
"rs759356391","missense_variant","G/A","G","Missense Variant"
"rs759411497","missense_variant","G/A","G","Missense Variant"
"rs759869698","missense_variant","C/T","C","Missense Variant"
"rs760065166","missense_variant","T/C","T","Missense Variant"
"rs760434035","missense_variant","C/T","C","Missense Variant"
"rs760486468","missense_variant","T/C","T","Missense Variant"
"rs760640694","missense_variant","A/G","A","Missense Variant"
"rs545999249","missense_variant","C/T","C","Missense Variant"
"rs769252562","missense_variant","G/A/T","G","Missense Variant"
"rs769295218","missense_variant","C/G","C","Missense Variant"
"rs769307600","missense_variant","G/A","G","Missense Variant"
"rs769779821","missense_variant","C/T","C","Missense Variant"
"rs769970803","missense_variant","C/T","C","Missense Variant"
"rs770027850","missense_variant","T/G","T","Missense Variant"
"rs770102360","missense_variant","C/A/T","C","Missense Variant"
"rs770148768","missense_variant","C/G","C","Missense Variant"
"rs770542513","missense_variant","G/A","G","Missense Variant"
"rs770599029","missense_variant","T/C","T","Missense Variant"
"rs770850460","missense_variant","G/C","G","Missense Variant"
"rs770961890","missense_variant","T/C/G","T","Missense Variant"
"rs770965934","missense_variant","G/A","G","Missense Variant"
"rs773160523","missense_variant","C/T","C","Missense Variant"
"rs773244688","missense_variant","G/A/C","G","Missense Variant"
"rs773265708","missense_variant","A/C/G","A","Missense Variant"
"rs773302903","missense_variant","C/A/T","C","Missense Variant"
"rs773565355","missense_variant","G/A/T","G","Missense Variant"
"rs773610480","missense_variant","T/C","T","Missense Variant"
"rs773667032","missense_variant","G/A","G","Missense Variant"
"rs773818534","missense_variant","A/G","A","Missense Variant"
"rs773998294","missense_variant","G/A","G","Missense Variant"
"rs774285672","missense_variant","G/A","G","Missense Variant"
"rs774446289","missense_variant","G/A/T","G","Missense Variant"
"rs774833491","missense_variant","G/A/T","G","Missense Variant"
"rs774866900","missense_variant","G/C","G","Missense Variant"
"rs774954189","missense_variant","C/G","C","Missense Variant"
"rs775007171","missense_variant","A/G","A","Missense Variant"
"rs775163785","missense_variant","G/A/C","G","Missense Variant"
"rs760973896","missense_variant","C/T","C","Missense Variant"
"rs761285728","missense_variant","G/A/C/T","G","Missense Variant"
"rs761392416","missense_variant","C/A/T","C","Missense Variant"
"rs761796701","missense_variant","G/A/T","G","Missense Variant"
"rs762102870","missense_variant","T/A/C","T","Missense Variant"
"rs762216717","missense_variant","C/T","C","Missense Variant"
"rs762276246","missense_variant","A/C","A","Missense Variant"
"rs762379295","missense_variant","T/A","T","Missense Variant"
"rs762487347","missense_variant","G/A","G","Missense Variant"
"rs762496480","missense_variant","A/C","A","Missense Variant"
"rs762551548","missense_variant","G/C","G","Missense Variant"
"rs762591963","missense_variant","T/C","T","Missense Variant"
"rs767048407","missense_variant","A/C/G","A","Missense Variant"
"rs767162465","missense_variant","G/A/T","G","Missense Variant"
"rs767260874","missense_variant","A/C","A","Missense Variant"
"rs767267555","missense_variant","C/T","C","Missense Variant"
"rs767579893","missense_variant","C/A/T","C","Missense Variant"
"rs767757534","missense_variant","G/C","G","Missense Variant"
"rs767962909","missense_variant","T/C","T","Missense Variant"
"rs768200266","missense_variant","C/G/T","C","Missense Variant"
"rs768655417","missense_variant","G/A/C","G","Missense Variant"
"rs768957946","missense_variant","C/A/T","C","Missense Variant"
"rs775456822","missense_variant","C/T","C","Missense Variant"
"rs775511809","missense_variant","G/C","G","Missense Variant"
"rs775568184","missense_variant","C/G","C","Missense Variant"
"rs775576167","missense_variant","G/A","G","Missense Variant"
"rs775923140","missense_variant","T/A/C","T","Missense Variant"
"rs775954878","missense_variant","A/G","A","Missense Variant"
"rs776018782","missense_variant","G/C","G","Missense Variant"
"rs776671067","missense_variant","T/C/G","T","Missense Variant"
"rs776862660","missense_variant","C/A/G","C","Missense Variant"
"rs776939893","missense_variant","T/C","T","Missense Variant"
"rs776965942","missense_variant","G/A","G","Missense Variant"
"rs777094184","missense_variant","G/A/C","G","Missense Variant"
"rs779547906","missense_variant","C/T","C","Missense Variant"
"rs779581930","missense_variant","C/A/T","C","Missense Variant"
"rs779747275","missense_variant","A/G","A","Missense Variant"
"rs779925641","missense_variant","G/A/T","G","Missense Variant"
"rs780052561","missense_variant","C/T","C","Missense Variant"
"rs780187824","missense_variant","T/C","T","Missense Variant"
"rs780253115","missense_variant","G/A/C","G","Missense Variant"
"rs780263796","missense_variant","G/A","G","Missense Variant"
"rs780433242","missense_variant","A/G","A","Missense Variant"
"rs780548504","missense_variant","G/A/T","G","Missense Variant"
"rs780639406","missense_variant","G/A/C","G","Missense Variant"
"rs781097155","missense_variant","G/A/C","G","Missense Variant"
"rs781124008","missense_variant","G/C","G","Missense Variant"
"rs781709791","missense_variant","G/C/T","G","Missense Variant"
"rs781739445","missense_variant","A/G","A","Missense Variant"
"rs781859126","missense_variant","G/A/T","G","Missense Variant"
"rs782134921","missense_variant","G/A","G","Missense Variant"
"rs782441618","missense_variant","C/G/T","T","Missense Variant"
"rs782740078","missense_variant","G/C","G","Missense Variant"
"rs796842987","missense_variant","C/A","C","Missense Variant"
"rs867857611","missense_variant","G/A","G","Missense Variant"
"rs552002828","missense_variant","C/A/T","C","Missense Variant"
"rs553485895","missense_variant","G/A","G","Missense Variant"
"rs553762010","missense_variant","A/G","A","Missense Variant"
"rs896722096","missense_variant","T/A","T","Missense Variant"
"rs897083627","missense_variant","G/C","G","Missense Variant"
"rs762846713","missense_variant","G/A/T","G","Missense Variant"
"rs763136343","missense_variant","G/A","G","Missense Variant"
"rs763243313","missense_variant","A/G","A","Missense Variant"
"rs763298569","missense_variant","G/A","G","Missense Variant"
"rs763352082","missense_variant","A/T","A","Missense Variant"
"rs763363046","missense_variant","C/G","C","Missense Variant"
"rs763421087","missense_variant","A/C","A","Missense Variant"
"rs763560182","missense_variant","A/G/T","G","Missense Variant"
"rs763563667","missense_variant","T/C","T","Missense Variant"
"rs763762169","missense_variant","A/G","A","Missense Variant"
"rs763878511","missense_variant","G/C","G","Missense Variant"
"rs764415736","missense_variant","T/C","T","Missense Variant"
"rs764535103","missense_variant","T/C","T","Missense Variant"
"rs764609882","missense_variant","A/T","A","Missense Variant"
"rs764784538","missense_variant","A/T","A","Missense Variant"
"rs764944862","missense_variant","G/A/T","G","Missense Variant"
"rs764995968","missense_variant","C/G","C","Missense Variant"
"rs765069124","missense_variant","T/C","T","Missense Variant"
"rs765250958","missense_variant","G/A","G","Missense Variant"
"rs765353192","missense_variant","A/G","A","Missense Variant"
"rs765424415","missense_variant","G/A","G","Missense Variant"
"rs765511698","missense_variant","T/G","T","Missense Variant"
"rs765564727","missense_variant","C/T","C","Missense Variant"
"rs765622658","missense_variant","T/A/C/G","T","Missense Variant"
"rs765678198","missense_variant","C/A/T","C","Missense Variant"
"rs765693225","missense_variant","A/G","A","Missense Variant"
"rs765793611","missense_variant","A/C/G","A","Missense Variant"
"rs765937894","missense_variant","A/G","A","Missense Variant"
"rs766026099","missense_variant","G/A","G","Missense Variant"
"rs766136532","missense_variant","T/C/G","T","Missense Variant"
"rs766191696","missense_variant","G/C","G","Missense Variant"
"rs766338231","missense_variant","C/T","C","Missense Variant"
"rs766530255","missense_variant","A/G","A","Missense Variant"
"rs766541156","missense_variant","G/C","G","Missense Variant"
"rs766602879","missense_variant","T/G","T","Missense Variant"
"rs766651751","missense_variant","G/A","G","Missense Variant"
"rs766706071","missense_variant","T/G","T","Missense Variant"
"rs766817028","missense_variant","C/T","C","Missense Variant"
"rs777316808","missense_variant","A/C/G","A","Missense Variant"
"rs777352539","missense_variant","G/A","G","Missense Variant"
"rs777539846","missense_variant","G/A/C","G","Missense Variant"
"rs777648091","missense_variant","T/C","T","Missense Variant"
"rs777786517","missense_variant","G/A","G","Missense Variant"
"rs777908082","missense_variant","A/C/G","A","Missense Variant"
"rs778038749","missense_variant","G/A","G","Missense Variant"
"rs778191526","missense_variant","T/C","T","Missense Variant"
"rs778349304","missense_variant","T/C","T","Missense Variant"
"rs778611371","missense_variant","G/A","G","Missense Variant"
"rs778666308","missense_variant","G/A","G","Missense Variant"
"rs778858494","missense_variant","C/G","C","Missense Variant"
"rs779124245","missense_variant","C/A","C","Missense Variant"
"rs779124261","missense_variant","C/G","C","Missense Variant"
"rs779172352","missense_variant","G/T","G","Missense Variant"
"rs779227516","missense_variant","T/C","T","Missense Variant"
"rs900805525","missense_variant","C/A","C","Missense Variant"
"rs908832107","missense_variant","A/G","A","Missense Variant"
"rs909197162","missense_variant","A/G","A","Missense Variant"
"rs904154309","missense_variant","G/A","G","Missense Variant"
"rs917923434","missense_variant","A/G","A","Missense Variant"
"rs771111976","missense_variant","G/A","G","Missense Variant"
"rs771328993","missense_variant","C/A/T","C","Missense Variant"
"rs771359538","missense_variant","G/A","G","Missense Variant"
"rs771486650","missense_variant","G/T","G","Missense Variant"
"rs771526492","missense_variant","A/G","A","Missense Variant"
"rs771648881","missense_variant","C/G/T","C","Missense Variant"
"rs771790025","missense_variant","G/A","G","Missense Variant"
"rs771981040","missense_variant","G/A","G","Missense Variant"
"rs771981846","missense_variant","G/A","G","Missense Variant"
"rs772091427","missense_variant","C/T","C","Missense Variant"
"rs772244128","missense_variant","C/G","C","Missense Variant"
"rs772355552","missense_variant","A/C","A","Missense Variant"
"rs772599550","missense_variant","G/A","G","Missense Variant"
"rs772734725","missense_variant","G/A/T","G","Missense Variant"
"rs772952465","missense_variant","A/C","A","Missense Variant"
"rs772985621","missense_variant","A/G","A","Missense Variant"
"rs773109570","missense_variant","T/C","T","Missense Variant"
"rs919907864","missense_variant","C/T","C","Missense Variant"
"rs907846090","missense_variant","G/A/C","G","Missense Variant"
"rs908049469","missense_variant","C/G/T","C","Missense Variant"
"rs796903074","missense_variant","G/A/C","G","Missense Variant"
"rs920969631","missense_variant","A/C","A","Missense Variant"
"rs894052808","missense_variant","T/G","T","Missense Variant"
"rs900010042","missense_variant","G/T","G","Missense Variant"
"rs927370907","missense_variant","A/C","A","Missense Variant"
"rs913811940","missense_variant","G/A/C","G","Missense Variant"
"rs938568949","missense_variant","G/A","G","Missense Variant"
"rs966558855","missense_variant","C/T","C","Missense Variant"
"rs966975541","missense_variant","A/G","A","Missense Variant"
"rs952736698","missense_variant","A/C","A","Missense Variant"
"rs982076978","missense_variant","T/C","T","Missense Variant"
"rs999104173","missense_variant","C/T","C","Missense Variant"
"rs988024128","missense_variant","G/C/T","G","Missense Variant"
"rs988327948","missense_variant","T/A","T","Missense Variant"
"rs1005453249","missense_variant","T/C","T","Missense Variant"
"rs991670863","missense_variant","A/G","A","Missense Variant"
"rs993179650","missense_variant","G/A","G","Missense Variant"
"rs971298502","missense_variant","G/A/T","G","Missense Variant"
"rs972128921","missense_variant","T/C","T","Missense Variant"
"rs1012444011","missense_variant","C/G","C","Missense Variant"
"rs1032175015","missense_variant","C/G/T","C","Missense Variant"
"rs1009421861","missense_variant","C/T","C","Missense Variant"
"rs1010732231","missense_variant","G/A/C","G","Missense Variant"
"rs1011099326","missense_variant","G/A","G","Missense Variant"
"rs1028224789","missense_variant","C/A/T","C","Missense Variant"
"rs1026499015","missense_variant","C/A/G/T","C","Missense Variant"
"rs1022166396","missense_variant","A/G","A","Missense Variant"
"rs1043778773","missense_variant","A/G","A","Missense Variant"
"rs977404220","missense_variant","G/A/C","G","Missense Variant"
"rs978226473","missense_variant","C/A","C","Missense Variant"
"rs1022686877","missense_variant","A/G","A","Missense Variant"
"rs1047345540","missense_variant","T/C/G","T","Missense Variant"
"rs1054840351","missense_variant","G/A","G","Missense Variant"
"rs1037444449","missense_variant","C/T","C","Missense Variant"
"rs1040609893","missense_variant","C/G","C","Missense Variant"
"rs1040736871","missense_variant","G/A/C","G","Missense Variant"
"rs1161342501","missense_variant","C/T","C","Missense Variant"
"rs1162443851","missense_variant","G/C","G","Missense Variant"
"rs1162510427","missense_variant","G/T","G","Missense Variant"
"rs1165208376","missense_variant","A/C/G","A","Missense Variant"
"rs1165242514","missense_variant","C/A","C","Missense Variant"
"rs1165609853","missense_variant","C/T","C","Missense Variant"
"rs1166102142","missense_variant","G/A","G","Missense Variant"
"rs1166327702","missense_variant","G/A","G","Missense Variant"
"rs1168034112","missense_variant","C/A","C","Missense Variant"
"rs1168827560","missense_variant","C/A/T","C","Missense Variant"
"rs1007462942","missense_variant","C/A/T","C","Missense Variant"
"rs1173916674","missense_variant","G/A/C","G","Missense Variant"
"rs1175108638","missense_variant","G/A","G","Missense Variant"
"rs1190271569","missense_variant","C/G/T","C","Missense Variant"
"rs1187353660","missense_variant","C/A/T","C","Missense Variant"
"rs1176224987","missense_variant","G/A","G","Missense Variant"
"rs1176464340","missense_variant","G/A","G","Missense Variant"
"rs1176778136","missense_variant","T/C","T","Missense Variant"
"rs1042175804","missense_variant","A/G","A","Missense Variant"
"rs1194160007","missense_variant","C/T","C","Missense Variant"
"rs1194955396","missense_variant","G/A","G","Missense Variant"
"rs1168968221","missense_variant","G/C","G","Missense Variant"
"rs1169687897","missense_variant","G/C","G","Missense Variant"
"rs1169809511","missense_variant","C/A","C","Missense Variant"
"rs1201348087","missense_variant","G/A/C/T","G","Missense Variant"
"rs1191884706","missense_variant","T/C","T","Missense Variant"
"rs1192812672","missense_variant","C/A/T","C","Missense Variant"
"rs1179528297","missense_variant","G/A","G","Missense Variant"
"rs1199403564","missense_variant","C/A","C","Missense Variant"
"rs1203903276","missense_variant","G/A","G","Missense Variant"
"rs1209815645","missense_variant","G/A","G","Missense Variant"
"rs1209905091","missense_variant","G/A/C","G","Missense Variant"
"rs1221925295","missense_variant","A/G","A","Missense Variant"
"rs1219977687","missense_variant","A/G","A","Missense Variant"
"rs1220211398","missense_variant","G/C","G","Missense Variant"
"rs1225367504","missense_variant","C/G","C","Missense Variant"
"rs1227065800","missense_variant","G/A","G","Missense Variant"
"rs1227197706","missense_variant","T/C/G","T","Missense Variant"
"rs1229001563","missense_variant","T/C","T","Missense Variant"
"rs1229140121","missense_variant","A/G","A","Missense Variant"
"rs1215617079","missense_variant","G/C","G","Missense Variant"
"rs1215790090","missense_variant","G/A/T","G","Missense Variant"
"rs1215838008","missense_variant","C/A/T","C","Missense Variant"
"rs1184479674","missense_variant","A/G","A","Missense Variant"
"rs1223319861","missense_variant","G/C","G","Missense Variant"
"rs1224564830","missense_variant","A/G","A","Missense Variant"
"rs1232650547","missense_variant","G/T","G","Missense Variant"
"rs1232811519","missense_variant","C/T","C","Missense Variant"
"rs1217157092","missense_variant","A/C/G","A","Missense Variant"
"rs1217784639","missense_variant","G/T","G","Missense Variant"
"rs1207519234","missense_variant","C/T","C","Missense Variant"
"rs1208449597","missense_variant","C/G/T","C","Missense Variant"
"rs1252823244","missense_variant","A/G","A","Missense Variant"
"rs1231202783","missense_variant","G/C","G","Missense Variant"
"rs1231339718","missense_variant","G/A","G","Missense Variant"
"rs1231415107","missense_variant","C/A","C","Missense Variant"
"rs1231553800","missense_variant","G/A","G","Missense Variant"
"rs1248965969","missense_variant","C/A/T","C","Missense Variant"
"rs1250019448","missense_variant","G/T","G","Missense Variant"
"rs1250236083","missense_variant","T/A","T","Missense Variant"
"rs1250493543","missense_variant","T/A","T","Missense Variant"
"rs1242394384","missense_variant","C/G/T","C","Missense Variant"
"rs1243854658","missense_variant","T/C","T","Missense Variant"
"rs1206102109","missense_variant","G/A","G","Missense Variant"
"rs1263672610","missense_variant","T/C","T","Missense Variant"
"rs1247165125","missense_variant","G/A","G","Missense Variant"
"rs1247773260","missense_variant","A/C/T","A","Missense Variant"
"rs1248055016","missense_variant","G/A","G","Missense Variant"
"rs1251594898","missense_variant","T/A","T","Missense Variant"
"rs1252013062","missense_variant","A/C","A","Missense Variant"
"rs1273370576","missense_variant","T/C","T","Missense Variant"
"rs1273910998","missense_variant","C/T","C","Missense Variant"
"rs1274364639","missense_variant","G/A","G","Missense Variant"
"rs1270412033","missense_variant","G/A","G","Missense Variant"
"rs1270455118","missense_variant","T/C","T","Missense Variant"
"rs1270946764","missense_variant","G/T","G","Missense Variant"
"rs1257063574","missense_variant","G/A","G","Missense Variant"
"rs1257828880","missense_variant","A/C","A","Missense Variant"
"rs1280039040","missense_variant","C/T","C","Missense Variant"
"rs1278106940","missense_variant","G/T","G","Missense Variant"
"rs1278994429","missense_variant","A/G","A","Missense Variant"
"rs1255821979","missense_variant","T/C","T","Missense Variant"
"rs1286734509","missense_variant","T/A","T","Missense Variant"
"rs1287647515","missense_variant","T/C/G","T","Missense Variant"
"rs1293390581","missense_variant","T/A/C","T","Missense Variant"
"rs1293466743","missense_variant","C/T","C","Missense Variant"
"rs1294516403","missense_variant","A/G","A","Missense Variant"
"rs1290257280","missense_variant","G/A","G","Missense Variant"
"rs1291398877","missense_variant","A/T","A","Missense Variant"
"rs1292322577","missense_variant","A/G","A","Missense Variant"
"rs1268136969","missense_variant","G/A","G","Missense Variant"
"rs1305151578","missense_variant","G/A","G","Missense Variant"
"rs1305273898","missense_variant","A/G","A","Missense Variant"
"rs1305427644","missense_variant","A/G","A","Missense Variant"
"rs1276610077","missense_variant","C/T","C","Missense Variant"
"rs1303282460","missense_variant","T/A/C","T","Missense Variant"
"rs1303288798","missense_variant","T/A","T","Missense Variant"
"rs1303583670","missense_variant","A/G","A","Missense Variant"
"rs1282267449","missense_variant","T/C","T","Missense Variant"
"rs1283343900","missense_variant","T/A","T","Missense Variant"
"rs1283966731","missense_variant","G/A","G","Missense Variant"
"rs1285706604","missense_variant","A/C","A","Missense Variant"
"rs1285741744","missense_variant","A/C/G","A","Missense Variant"
"rs1326338491","missense_variant","G/A","G","Missense Variant"
"rs1327388370","missense_variant","A/G","A","Missense Variant"
"rs1327754539","missense_variant","G/T","G","Missense Variant"
"rs1315550275","missense_variant","G/A","G","Missense Variant"
"rs1325834987","missense_variant","G/A","G","Missense Variant"
"rs1332332091","missense_variant","A/G","A","Missense Variant"
"rs1310542593","missense_variant","G/C","G","Missense Variant"
"rs1310660071","missense_variant","T/G","T","Missense Variant"
"rs1295443077","missense_variant","G/A/C","G","Missense Variant"
"rs1322976363","missense_variant","C/G","C","Missense Variant"
"rs1323644541","missense_variant","A/G","A","Missense Variant"
"rs1301320899","missense_variant","A/G","A","Missense Variant"
"rs1301870596","missense_variant","C/G","C","Missense Variant"
"rs1301928838","missense_variant","T/A/C/G","T","Missense Variant"
"rs1336338807","missense_variant","G/A","G","Missense Variant"
"rs1352043617","missense_variant","G/C","G","Missense Variant"
"rs1329833287","missense_variant","A/G","A","Missense Variant"
"rs1359559734","missense_variant","T/C","T","Missense Variant"
"rs1314624227","missense_variant","G/C","G","Missense Variant"
"rs1345727860","missense_variant","T/C","T","Missense Variant"
"rs1368969405","missense_variant","G/A/T","G","Missense Variant"
"rs1369024192","missense_variant","G/A","G","Missense Variant"
"rs1369041504","missense_variant","A/C","A","Missense Variant"
"rs1369108651","missense_variant","C/A","C","Missense Variant"
"rs1370056274","missense_variant","T/C","T","Missense Variant"
"rs1356830994","missense_variant","G/A","G","Missense Variant"
"rs1357153384","missense_variant","G/A","G","Missense Variant"
"rs1340855547","missense_variant","G/A","G","Missense Variant"
"rs1340913656","missense_variant","A/C/G","A","Missense Variant"
"rs1341984494","missense_variant","G/A","G","Missense Variant"
"rs1342165629","missense_variant","G/T","G","Missense Variant"
"rs1342423372","missense_variant","A/C","A","Missense Variant"
"rs1372466078","missense_variant","G/C","G","Missense Variant"
"rs1374415392","missense_variant","C/T","C","Missense Variant"
"rs1375368125","missense_variant","G/C","G","Missense Variant"
"rs1375451956","missense_variant","C/G","C","Missense Variant"
"rs1384659969","missense_variant","G/A","G","Missense Variant"
"rs1384786701","missense_variant","G/A","G","Missense Variant"
"rs1381590156","missense_variant","G/A","G","Missense Variant"
"rs1382112791","missense_variant","A/G","A","Missense Variant"
"rs1380258387","missense_variant","G/C","G","Missense Variant"
"rs1390719516","missense_variant","C/T","C","Missense Variant"
"rs1390913607","missense_variant","A/G","A","Missense Variant"
"rs1366402569","missense_variant","G/A/T","G","Missense Variant"
"rs1366693648","missense_variant","C/T","C","Missense Variant"
"rs1395107785","missense_variant","G/A/C","G","Missense Variant"
"rs1376417436","missense_variant","A/G","A","Missense Variant"
"rs1397310837","missense_variant","G/A/T","G","Missense Variant"
"rs1401432854","missense_variant","C/T","C","Missense Variant"
"rs1388194424","missense_variant","G/A/T","G","Missense Variant"
"rs1388413178","missense_variant","A/G/T","A","Missense Variant"
"rs1388579187","missense_variant","C/G","C","Missense Variant"
"rs1362084546","missense_variant","G/A","G","Missense Variant"
"rs1362588103","missense_variant","C/A/T","C","Missense Variant"
"rs1362614028","missense_variant","A/T","A","Missense Variant"
"rs1362967914","missense_variant","C/T","C","Missense Variant"
"rs1363593407","missense_variant","A/C","A","Missense Variant"
"rs1413176606","missense_variant","C/G","C","Missense Variant"
"rs1411333333","missense_variant","G/T","G","Missense Variant"
"rs1411764603","missense_variant","G/C","G","Missense Variant"
"rs1402224253","missense_variant","G/C","G","Missense Variant"
"rs1418509985","missense_variant","G/C","G","Missense Variant"
"rs1349610642","missense_variant","G/C","G","Missense Variant"
"rs1351068216","missense_variant","G/T","G","Missense Variant"
"rs1421849757","missense_variant","G/A","G","Missense Variant"
"rs1424598917","missense_variant","T/G","T","Missense Variant"
"rs1425260953","missense_variant","C/G","C","Missense Variant"
"rs1407865191","missense_variant","C/A","C","Missense Variant"
"rs1407409468","missense_variant","T/G","T","Missense Variant"
"rs1430857351","missense_variant","G/T","G","Missense Variant"
"rs1432829883","missense_variant","G/A","G","Missense Variant"
"rs1353334494","missense_variant","G/A","G","Missense Variant"
"rs1354573274","missense_variant","G/A","G","Missense Variant"
"rs1354852586","missense_variant","G/C","G","Missense Variant"
"rs1354886697","missense_variant","G/A","G","Missense Variant"
"rs1354966216","missense_variant","G/A","G","Missense Variant"
"rs1354994179","missense_variant","C/G/T","C","Missense Variant"
"rs1416975204","missense_variant","C/A/G","C","Missense Variant"
"rs1439866160","missense_variant","C/G/T","C","Missense Variant"
"rs1433151970","missense_variant","A/G","A","Missense Variant"
"rs1433482432","missense_variant","A/T","A","Missense Variant"
"rs1434813973","missense_variant","A/G/T","A","Missense Variant"
"rs1443095871","missense_variant","A/G","A","Missense Variant"
"rs1452487798","missense_variant","C/T","C","Missense Variant"
"rs1452556707","missense_variant","G/A","G","Missense Variant"
"rs1436717485","missense_variant","G/A","G","Missense Variant"
"rs1447041233","missense_variant","C/A","C","Missense Variant"
"rs1444036438","missense_variant","G/A/T","G","Missense Variant"
"rs1451634741","missense_variant","A/G","A","Missense Variant"
"rs1451688813","missense_variant","A/G","A","Missense Variant"
"rs1429296282","missense_variant","C/T","C","Missense Variant"
"rs1437873589","missense_variant","G/A","G","Missense Variant"
"rs1462787404","missense_variant","A/G","A","Missense Variant"
"rs1463781047","missense_variant","G/C","G","Missense Variant"
"rs1463839894","missense_variant","T/C","T","Missense Variant"
"rs1426664824","missense_variant","A/G","A","Missense Variant"
"rs1426845971","missense_variant","A/G","A","Missense Variant"
"rs1427136891","missense_variant","A/G","A","Missense Variant"
"rs1427291442","missense_variant","C/G","C","Missense Variant"
"rs1428006874","missense_variant","C/T","C","Missense Variant"
"rs1428381071","missense_variant","C/G/T","C","Missense Variant"
"rs1454121342","missense_variant","C/T","C","Missense Variant"
"rs1454207312","missense_variant","T/C","T","Missense Variant"
"rs1455132344","missense_variant","C/G/T","C","Missense Variant"
"rs1478395517","missense_variant","G/A","G","Missense Variant"
"rs1467877050","missense_variant","G/A","G","Missense Variant"
"rs1482498988","missense_variant","A/G","A","Missense Variant"
"rs1482787217","missense_variant","A/T","A","Missense Variant"
"rs1459438003","missense_variant","T/C","T","Missense Variant"
"rs1459786551","missense_variant","T/C","T","Missense Variant"
"rs1475101144","missense_variant","G/A/C","G","Missense Variant"
"rs1449434373","missense_variant","G/A","G","Missense Variant"
"rs1449458702","missense_variant","A/G","A","Missense Variant"
"rs1461126795","missense_variant","A/G","A","Missense Variant"
"rs1470844170","missense_variant","A/G","A","Missense Variant"
"rs1490104628","missense_variant","C/A","C","Missense Variant"
"rs1415087932","missense_variant","T/A","T","Missense Variant"
"rs1415439771","missense_variant","A/G","A","Missense Variant"
"rs1416134077","missense_variant","A/G/T","A","Missense Variant"
"rs1590801686","missense_variant","G/A","G","Missense Variant"
"rs1590803999","missense_variant","A/T","A","Missense Variant"
"rs1590806750","missense_variant","T/C","T","Missense Variant"
"rs1590806784","missense_variant","A/G","A","Missense Variant"
"rs1590807333","missense_variant","T/G","T","Missense Variant"
"rs1590807348","missense_variant","T/A","T","Missense Variant"
"rs1590808308","missense_variant","T/G","T","Missense Variant"
"rs1590808406","missense_variant","G/A/T","G","Missense Variant"
"rs1590808613","missense_variant","A/C","A","Missense Variant"
"rs1590808666","missense_variant","T/A","T","Missense Variant"
"rs1590808702","missense_variant","A/C","A","Missense Variant"
"rs1590808885","missense_variant","T/G","T","Missense Variant"
"rs1590808977","missense_variant","T/C","T","Missense Variant"
"rs1590809784","missense_variant","C/G","C","Missense Variant"
"rs1590810448","missense_variant","A/C","A","Missense Variant"
"rs1590810616","missense_variant","A/G","A","Missense Variant"
"rs1590810759","missense_variant","A/T","A","Missense Variant"
"rs1590810766","missense_variant","A/G","A","Missense Variant"
"rs1590810854","missense_variant","T/G","T","Missense Variant"
"rs1590810952","missense_variant","T/A/C","T","Missense Variant"
"rs1590810976","missense_variant","T/C","T","Missense Variant"
"rs1590811051","missense_variant","A/G","A","Missense Variant"
"rs1590811759","missense_variant","A/C","A","Missense Variant"
"rs1590811813","missense_variant","T/C/G","T","Missense Variant"
"rs1590811912","missense_variant","T/G","T","Missense Variant"
"rs1590812170","missense_variant","T/G","T","Missense Variant"
"rs1590813345","missense_variant","A/C","A","Missense Variant"
"rs1590813568","missense_variant","A/C","A","Missense Variant"
"rs1590813753","missense_variant","C/T","C","Missense Variant"
"rs1565303424","missense_variant","A/T","A","Missense Variant"
"rs1565306080","missense_variant","G/A","G","Missense Variant"
"rs1565307055","missense_variant","T/C","T","Missense Variant"
"rs1565308459","missense_variant","G/A","G","Missense Variant"
"rs1565309196","missense_variant","T/A","T","Missense Variant"
"rs1565309206","missense_variant","A/G","A","Missense Variant"
"rs1485759820","missense_variant","A/G","A","Missense Variant"
"rs1469091132","missense_variant","G/A","G","Missense Variant"
"rs1469195414","missense_variant","C/A/T","C","Missense Variant"
"rs1488833955","missense_variant","G/A/T","G","Missense Variant"
"rs1489511716","missense_variant","A/G","A","Missense Variant"
"rs1787306140","missense_variant","A/G","A","Missense Variant"
"rs1793815596","missense_variant","G/A","G","Missense Variant"
"rs1663031678","missense_variant","T/C","T","Missense Variant"
"rs1857461883","missense_variant","C/T","C","Missense Variant"
"rs1857465258","missense_variant","T/C","T","Missense Variant"
"rs1857465917","missense_variant","A/G","A","Missense Variant"
"rs1857533173","missense_variant","A/C","A","Missense Variant"
"rs1857535388","missense_variant","A/G","A","Missense Variant"
"rs1857358479","missense_variant","A/G","A","Missense Variant"
"rs1857358559","missense_variant","T/C","T","Missense Variant"
"rs1857358696","missense_variant","T/C","T","Missense Variant"
"rs1857359268","missense_variant","G/A","G","Missense Variant"
"rs1857360478","missense_variant","G/C","G","Missense Variant"
"rs1857360866","missense_variant","T/C/G","C","Missense Variant"
"rs1857363882","missense_variant","G/C","G","Missense Variant"
"rs1857364426","missense_variant","C/G","C","Missense Variant"
"rs1857364518","missense_variant","C/T","C","Missense Variant"
"rs1857365954","missense_variant","C/T","C","Missense Variant"
"rs1857679980","missense_variant","G/A","G","Missense Variant"
"rs1857680771","missense_variant","C/T","C","Missense Variant"
"rs1857681794","missense_variant","A/G","A","Missense Variant"
"rs1857682620","missense_variant","A/C","A","Missense Variant"
"rs1857683161","missense_variant","T/A","T","Missense Variant"
"rs1857683349","missense_variant","G/A","G","Missense Variant"
"rs1857683918","missense_variant","G/C","G","Missense Variant"
"rs1857684075","missense_variant","A/G","A","Missense Variant"
"rs1857684993","missense_variant","T/C","T","Missense Variant"
"rs1857685901","missense_variant","C/A","C","Missense Variant"
"rs1857706554","missense_variant","G/T","G","Missense Variant"
"rs1857707086","missense_variant","A/C/T","A","Missense Variant"
"rs1857707213","missense_variant","T/C/G","T","Missense Variant"
"rs1857709430","missense_variant","T/A","T","Missense Variant"
"rs1857709755","missense_variant","C/T","C","Missense Variant"
"rs1857710952","missense_variant","G/A","G","Missense Variant"
"rs1857711247","missense_variant","C/A","C","Missense Variant"
"rs1857718453","missense_variant","T/A","T","Missense Variant"
"rs1857722420","missense_variant","C/T","C","Missense Variant"
"rs1857731941","missense_variant","C/G","C","Missense Variant"
"rs1857733254","missense_variant","C/T","C","Missense Variant"
"rs1857734709","missense_variant","T/G","T","Missense Variant"
"rs1857734947","missense_variant","G/A","G","Missense Variant"
"rs1857735101","missense_variant","G/A","G","Missense Variant"
"rs1857735716","missense_variant","G/A","G","Missense Variant"
"rs1857736208","missense_variant","G/T","G","Missense Variant"
"rs1857737202","missense_variant","A/C","A","Missense Variant"
"rs1857738477","missense_variant","A/C","A","Missense Variant"
"rs1857753103","missense_variant","C/A","C","Missense Variant"
"rs1857753182","missense_variant","G/C","G","Missense Variant"
"rs1857753877","missense_variant","G/A","G","Missense Variant"
"rs1857754419","missense_variant","A/C","A","Missense Variant"
"rs1857754905","missense_variant","A/G","A","Missense Variant"
"rs1857756348","missense_variant","G/C","G","Missense Variant"
"rs1857756431","missense_variant","A/G","A","Missense Variant"
"rs1857757743","missense_variant","G/T","G","Missense Variant"
"rs1857761935","missense_variant","G/C","G","Missense Variant"
"rs1857762816","missense_variant","A/C","A","Missense Variant"
"rs1857763258","missense_variant","C/T","C","Missense Variant"
"rs1857764720","missense_variant","T/C","T","Missense Variant"
"rs1857765507","missense_variant","A/G","A","Missense Variant"
"rs1857770561","missense_variant","A/C/G","A","Missense Variant"
"rs1857770672","missense_variant","G/A/C","G","Missense Variant"
"rs1857770784","missense_variant","A/G","A","Missense Variant"
"rs1857785618","missense_variant","G/C","G","Missense Variant"
"rs1857786570","missense_variant","C/G/T","C","Missense Variant"
"rs1857789506","missense_variant","G/A","G","Missense Variant"
"rs1857790629","missense_variant","G/C","G","Missense Variant"
"rs1857796559","missense_variant","T/G","T","Missense Variant"
"rs1857549784","missense_variant","G/T","G","Missense Variant"
"rs1857550144","missense_variant","G/A/T","G","Missense Variant"
"rs1857550661","missense_variant","T/C","T","Missense Variant"
"rs1857551742","missense_variant","C/T","C","Missense Variant"
"rs1857551819","missense_variant","A/C","A","Missense Variant"
"rs1857562702","missense_variant","T/C","T","Missense Variant"
"rs1857562954","missense_variant","A/G","A","Missense Variant"
"rs1857563036","missense_variant","A/G","A","Missense Variant"
"rs1857563413","missense_variant","C/T","C","Missense Variant"
"rs1857564186","missense_variant","C/A","C","Missense Variant"
"rs1857569356","missense_variant","G/A","G","Missense Variant"
"rs1857569573","missense_variant","A/G","A","Missense Variant"
"rs1857585205","missense_variant","G/A","G","Missense Variant"
"rs1857586606","missense_variant","C/T","C","Missense Variant"
"rs1857607829","missense_variant","G/A","G","Missense Variant"
"rs1857608021","missense_variant","G/A","G","Missense Variant"
"rs1857609507","missense_variant","C/G","C","Missense Variant"
"rs1857620887","missense_variant","A/G","A","Missense Variant"
"rs1857622044","missense_variant","A/C","A","Missense Variant"
"rs1857622668","missense_variant","C/T","C","Missense Variant"
"rs1857623065","missense_variant","T/C","T","Missense Variant"
"rs1857623254","missense_variant","C/A","C","Missense Variant"
"rs1857624422","missense_variant","G/A","G","Missense Variant"
"rs1857625988","missense_variant","C/T","C","Missense Variant"
"rs1857627072","missense_variant","C/T","C","Missense Variant"
"rs1857628184","missense_variant","A/G","A","Missense Variant"
"rs1857630071","missense_variant","C/T","C","Missense Variant"
"rs1857633508","missense_variant","G/A","G","Missense Variant"
"rs1857638410","missense_variant","T/A","T","Missense Variant"
"rs1857640285","missense_variant","G/A","G","Missense Variant"
"rs1857640420","missense_variant","A/G","A","Missense Variant"
"rs1857642470","missense_variant","G/T","G","Missense Variant"
"rs1857643677","missense_variant","A/G","A","Missense Variant"
"rs1857644389","missense_variant","G/C","G","Missense Variant"
"rs1857813363","missense_variant","G/A","G","Missense Variant"
"rs1857813614","missense_variant","G/A","G","Missense Variant"
"rs1857814229","missense_variant","G/C","G","Missense Variant"
"rs1857814949","missense_variant","A/G","A","Missense Variant"
"rs1857815286","missense_variant","G/A","G","Missense Variant"
"rs1857820705","missense_variant","A/G","A","Missense Variant"
"rs1857821825","missense_variant","A/G","A","Missense Variant"
"rs1857822241","missense_variant","A/C","A","Missense Variant"
"rs1857823014","missense_variant","C/T","C","Missense Variant"
"rs1857823420","missense_variant","T/C","T","Missense Variant"
"rs1857824406","missense_variant","G/T","G","Missense Variant"
"rs1857829765","missense_variant","C/A","C","Missense Variant"
"rs1857830979","missense_variant","C/T","C","Missense Variant"
"rs1857832721","missense_variant","A/T","A","Missense Variant"
"rs1857834826","missense_variant","G/A","G","Missense Variant"
"rs1857836849","missense_variant","A/G","A","Missense Variant"
"rs1857837682","missense_variant","A/C","A","Missense Variant"
"rs1857838948","missense_variant","T/C","T","Missense Variant"
"rs2134919829","missense_variant","T/C","T","Missense Variant"
"rs2134932568","missense_variant","C/G","C","Missense Variant"
"rs2134932924","missense_variant","C/A","C","Missense Variant"
"rs2134933481","missense_variant","G/A","G","Missense Variant"
"rs2134935622","missense_variant","T/C","T","Missense Variant"
"rs2134935696","missense_variant","T/A","T","Missense Variant"
"rs2134935717","missense_variant","T/C","C","Missense Variant"
"rs2134938565","missense_variant","A/C","A","Missense Variant"
"rs2134938679","missense_variant","C/T","C","Missense Variant"
"rs2134940865","missense_variant","G/T","G","Missense Variant"
"rs2134943080","missense_variant","A/G","A","Missense Variant"
"rs2134944879","missense_variant","G/T","G","Missense Variant"
"rs2134945512","missense_variant","C/G","C","Missense Variant"
"rs2134945660","missense_variant","G/A","G","Missense Variant"
"rs2134946013","missense_variant","A/G","G","Missense Variant"
